{
  "urls": [
    "sounds.ogg",
    "sounds.m4a",
    "sounds.mp3",
    "sounds.ac3"
  ],
  "sprite": {
    "bell": [
      0,
      2000
    ],
    "boxing-bell": [
      3000,
      8249.04761904762
    ],
    "countdown": [
      13000,
      5476.213151927439
    ],
    "ding-sound": [
      20000,
      2951.8367346938776
    ],
    "short-beep": [
      24000,
      261.224489795918
    ],
    "whistle": [
      26000,
      1226.5986394557835
    ]
  }
}