{
  "urls": [
    "sounds.ogg",
    "sounds.m4a",
    "sounds.mp3",
    "sounds.ac3"
  ],
  "sprite": {
    "boxing-bell": [
      0,
      8249.04761904762
    ],
    "countdown": [
      10000,
      5476.213151927437
    ],
    "ding-sound": [
      17000,
      2951.8367346938776
    ],
    "short-beep": [
      21000,
      261.224489795918
    ],
    "whistle": [
      23000,
      1226.5986394557835
    ]
  }
}